objectname,objectid,rating,numplays,weight,own,fortrade,want,wanttobuy,wanttoplay,prevowned,preordered,wishlist,wishlistpriority,wishlistcomment,comment,conditiontext,haspartslist,wantpartslist,collid,baverage,average,avgweight,rank,numowned,objecttype,originalname,minplayers,maxplayers,playingtime,maxplaytime,minplaytime,yearpublished,bggrecplayers,bggbestplayers,bggrecagerange,bgglanguagedependence,publisherid,imageid,year,language,other,itemtype,barcode,pricepaid,pp_currency,currvalue,cv_currency,acquisitiondate,acquiredfrom,quantity,privatecomment,invlocation,invdate,version_publishers,version_languages,version_yearpublished,version_nickname
"7 Wonders","68448","6.5","1","0","1","0","0","0","0","0","0","0","1","LP: 2016-01","","","","","31735732","7.69975","7.78972","2.3405","44","85429","thing","7 Wonders","2","7","30","30","30","2010","3,4,5,6,7","4","10+","No necessary in-game text","","","","","","standalone","","","","","","","","","Pre-Marriage Acquisition","","","","","",""
"Above and Below","172818","8","2","0","1","0","0","0","0","0","0","0","2","LP: 2016-03","","","","","33196748","7.27584","7.53674","2.5474","173","14293","thing","Above and Below","2","4","90","90","90","2015","2,3,4","3","10+","Extensive use of text - massive conversion needed to be playable","","","","","","standalone","","","","","","","","","Won at Andocon 2015","","","","","",""
"Alhambra","6249","7","4","0","1","0","0","0","0","0","0","0","1","LP: 2017-01","","","","","31739252","6.93236","7.03274","2.115","410","29006","thing","Alhambra","2","6","60","60","45","2003","2,3,4,5","3","8+","No necessary in-game text","","","","","","standalone","","","","","","2014-07-12","Nicole Quist","","Gift","","","","","",""
"Android: Netrunner","124742","7","2","0","1","0","0","0","0","0","0","0","1","LP: 2017-06

J - likes","","","","","31735716","7.72281","7.90829","3.3656","43","37162","thing","Android: Netrunner","2","2","45","45","45","2012","2","2","12+","Extensive use of text - massive conversion needed to be playable","","","","","","standalone","","","","","","","","","Pre-Marriage Acquisition","","","","","",""
"Arcadia Quest","155068","8","8","0","1","0","0","0","0","0","0","0","4","","","","","","44224996","7.45799","7.85173","2.5128","94","11951","thing","Arcadia Quest","2","4","60","60","60","2014","2,3,4","4","10+","Moderate in-game text - needs crib sheet or paste ups","","","","","","standalone","","79.99","USD","","","2018-07-14","Sci-Fi City","","","","","","","",""
"Arcadia Quest: Pets","188699","0","","0","1","0","0","0","0","0","0","0","3","","","","","","52920074","6.17986","8.51354","2","0","2694","thing","Arcadia Quest: Pets","2","4","120","120","60","2017","2,3,4","4","","","","","","","","expansion","","46.99","USD","","","2018-07-14","Sci-Fi City","","","","","","","",""
"Bananagrams","27225","5","1","0","1","0","0","0","0","0","0","0","1","LP: 2017-12","","","","","32356040","6.17151","6.34619","1.3582","1592","11651","thing","Bananagrams","1","8","15","15","15","2006","2,3,4,5,6","3,4,5","8+","No necessary in-game text","","","","","","standalone","","","","","","","","","Pre-Marriage Acquisition","","","","","",""
"Bananagrams Party","202477","6","9","0","1","0","0","0","0","0","0","0","3","","","","","","51368709","5.53497","6.33818","2","10001","200","thing","Bananagrams Party","2","8","20","20","10","2016","2,3,4","2,3","","No necessary in-game text","","","","","","standalone","","","","","","2017-12-23","Garrett Christmas White Elephant 2017","","","","","","","",""
"BANG! Gold Rush","107794","6","","0","1","0","0","0","0","0","0","0","1","NP: 2016-01

J - hasn't played","","","","","32196468","5.85284","6.69938","2.1579","0","1926","thing","BANG! Gold Rush","4","7","40","40","20","2011","4,5,6,7","5","6+","Some necessary text - easily memorized or small crib sheet","","","","","","expansion","","","","","","","","","Pre-Marriage Acquisition","","","","","",""
"BANG! The Bullet!","30933","6","","0","1","0","0","0","0","0","0","0","1","NP: 2016-01

Plays Recorded as BANG!","","","","","32196460","6.65043","6.95021","1.8416","0","10775","thing","BANG! The Bullet!","3","8","40","40","20","2007","4,5,6,7,8","6,7","8+","Some necessary text - easily memorized or small crib sheet","","","","","","standalone","","","","","","","","2","Pre-Marriage Acquisition","","","","","",""
"BANG! The Dice Game","143741","7","13","0","1","0","0","0","0","0","0","0","1","LP: 2017-09","","","","","32196463","6.85693","7.00185","1.2787","482","23003","thing","BANG! The Dice Game","3","8","15","15","15","2013","5,6,7,8","6,7","8+","Some necessary text - easily memorized or small crib sheet","","","","","","standalone","","","","","","","","","","","","","","",""
"Battue: Storm of the Horse Lords","27823","0","","0","1","0","0","0","0","0","0","0","3","","","","","","52920079","5.6358","5.95355","2.0506","5278","1193","thing","Battue: Storm of the Horse Lords","2","4","60","60","60","2007","2,3,4","4","8+","Moderate in-game text - needs crib sheet or paste ups","","","","","","standalone","","5.99","USD","","","2018-06-14","Sci-Fi City","","","","","","","",""
"Battue: The Walls of Tarsos","29005","0","","0","1","0","0","0","0","0","0","0","3","","","","","","52920149","5.56405","6.07315","1.9091","0","644","thing","Battue: The Walls of Tarsos","2","4","0","0","0","2008","2,3,4","","10+","Moderate in-game text - needs crib sheet or paste ups","","","","","","expansion","","","","","","2018-06-14","Sci-Fi City","","","","","","","",""
"The Big Bang Theory: Fact or Fiction Game","115793","0","","0","1","0","0","0","0","0","0","0","3","NP: 2016-01","","","","","51358657","5.37446","4.37248","1.2857","16192","500","thing","The Big Bang Theory: Fact or Fiction Game","2","8","0","0","0","2011","3,4,5,6","4,5","14+","Unplayable in another language","","","","","","standalone","","","","","","","","","","","","","","",""
"Blood Rage","170216","10","11","0","1","0","0","0","0","0","0","0","1","","","","","","32975553","7.8605","8.04821","2.8883","27","28637","thing","Blood Rage","2","4","90","90","60","2015","3,4","4","12+","Moderate in-game text - needs crib sheet or paste ups","","","","","","standalone","","","","","","","Raven's Nest","","","","","","","",""
"Blood Rage: 5th Player Expansion","174506","10","","0","1","0","0","0","0","0","0","0","3","","","","","","39904938","6.97357","8.13261","2.5769","0","7151","thing","Blood Rage: 5th Player Expansion","5","5","90","90","60","2015","3,4,5","4,5","","Moderate in-game text - needs crib sheet or paste ups","","","","","","expansion","","","","","","","Raven's Nest","","","","","","","",""
"Blood Rage: Gods of Ásgard","174801","0","","0","1","0","0","0","0","0","0","0","3","","","","","","51894463","6.66482","7.72538","2.5238","0","6944","thing","Blood Rage: Gods of Ásgard","2","4","90","90","60","2015","3,4","4","8+","Some necessary text - easily memorized or small crib sheet","","","","","","expansion","","15.99","USD","","","2018-05-25","MiniatureMarket","1","","","","","","",""
"Blood Rage: Mystics of Midgard","175100","0","","0","1","0","0","0","0","0","0","0","3","","","","","","51894460","6.81781","7.92372","2.6667","0","7117","thing","Blood Rage: Mystics of Midgard","2","4","90","90","60","2015","3,4","4","10+","Moderate in-game text - needs crib sheet or paste ups","","","","","","expansion","","19.99","USD","","","2018-05-25","MiniatureMarket","1","","","","","","",""
"Bohnanza","11","6.5","13","0","1","0","0","0","0","0","0","0","3","LP: 2017-08","","","","","33589670","6.95731","7.05017","1.6744","382","46671","thing","Bohnanza","2","7","45","45","45","1997","3,4,5,6,7","5","8+","No necessary in-game text","","","","","","standalone","","16.92","USD","","","2016-05-05","Amazon","","From: Darren
To: Jamie
Birthday 2016!","","","","","",""
"Camel Up","153938","8","17","0","1","0","0","0","0","0","0","0","3","LP: 2017-08","","","","","33589677","6.9431","7.07365","1.4772","396","22815","thing","Camel Up","2","8","30","30","20","2014","3,4,5,6,7","4,5","8+","No necessary in-game text","","","","","","standalone","","","","","","2016-08-13","","","From: Jamie","","","","","",""
"Camel Up: Supercup","172380","0","","0","1","0","0","0","0","0","0","0","3","","","","","","50370536","6.57271","7.36868","1.6863","0","6469","thing","Camel Up: Supercup","2","10","45","45","30","2015","3,4,5,6,7","5,6","8+","No necessary in-game text","","","","","","expansion","","6.99","USD","","","2018-01-05","","","","","","","","",""
"Carcassonne","822","9","23","0","1","0","0","0","0","0","0","0","1","","","","","","39576792","7.32816","7.43087","1.9278","141","114955","thing","Carcassonne","2","5","45","45","30","2000","2,3,4,5","2","8+","No necessary in-game text","","","","","","standalone","","21.89","USD","","","2017-02-02","Amazon","","From: Darren
To: Jamie
Congrats on the GRE!","","","","","",""
"Castle Panic","43443","7","6","0","1","0","0","0","0","0","0","0","1","LP: 2017-05","","","","","32355918","6.53835","6.68322","1.6667","843","20225","thing","Castle Panic","1","6","60","60","60","2009","1,2,3,4,5,6","4","6+","Some necessary text - easily memorized or small crib sheet","","","","","","standalone","","","","","","2013-12-25","","","Christmas 2013","","","","","",""
"Castle Panic: Any Color Hero Promo","140681","0","","0","1","0","0","0","0","0","0","0","1","","","","","","32355931","5.76956","7.28053","2.2","0","1032","thing","Castle Panic: Any Color Hero Promo","1","6","0","0","0","2013","2,3,4,5,6","4","10+","Some necessary text - easily memorized or small crib sheet","","","","","","expansion","","","","","","2014-01-05","Publisher","","","","","","","",""
"Castle Panic: Crossbow promo","133814","0","","0","1","0","0","0","0","0","0","0","1","","","","","","32355930","5.57758","6.45339","1.7143","0","695","thing","Castle Panic: Crossbow promo","1","6","0","0","0","2012","1,2,3,4,5,6","3,4","","","","","","","","expansion","","","","","","2014-01-05","Publisher","","","","","","","",""
"Castle Panic: Feather Promo","106158","0","","0","1","0","0","0","0","0","0","0","1","","","","","","32355927","5.59871","6.49041","2","0","644","thing","Castle Panic: Feather Promo","1","6","60","60","60","2011","","","","","","","","","","expansion","","","","","","2014-01-05","Publisher","","","","","","","",""
"Castle Panic: The Wizard's Tower","104590","8","","0","1","0","0","0","0","0","0","0","1","","","","","","32355921","6.89047","7.49811","2.0654","0","7837","thing","Castle Panic: The Wizard's Tower","1","6","90","90","90","2011","1,2,3,4,5","3","8+","Some necessary text - easily memorized or small crib sheet","","","","","","expansion","","15.68","USD","","","2013-12-31","Amazon","","","","","","","",""
"Castle Panic: Tower Promo 2015 Tabletop Day","177069","0","","0","1","0","0","0","0","0","0","0","1","","","","","","32355933","5.57171","7.43698","1","0","308","thing","Castle Panic: Tower Promo 2015 Tabletop Day","1","6","60","60","60","2015","","","","","","","","","","expansion","","","","","","","","","","","","","","",""
"The Castles of Burgundy","84876","8.5","8","0","1","0","0","0","0","0","0","0","3","","","","","","41243913","8.00982","8.12743","3.023","11","47734","thing","The Castles of Burgundy","2","4","90","90","30","2011","2,3,4","2","12+","No necessary in-game text","","","","","","standalone","","21.84","USD","","","2017-04-24","Amazon","","","","","","","",""
"Catan","13","5","2","0","1","0","0","0","0","0","0","0","1","LP: 2017-05","","","","","31738852","7.05469","7.20705","2.3437","298","118064","thing","Catan","3","4","120","120","60","1995","3,4","4","8+","Some necessary text - easily memorized or small crib sheet","","","","","","standalone","","","","","","2014-12-25","","","From: David & Lisa
Christmas 2014","","","","","",""
"Catan: 5-6 Player Extension","2807","4.5","","0","1","0","0","0","0","0","0","0","1","","","","","","32356051","6.76466","6.99141","2.3294","0","32319","thing","Catan: 5-6 Player Extension","5","6","120","120","120","1996","4,5,6","5","10+","Some necessary text - easily memorized or small crib sheet","","","","","","expansion","","","","","","2014-12-25","","","From: David & Lisa
Christmas 2014","","","","","",""
"Caverna: Cave vs Cave","220520","8","10","0","1","0","0","0","0","0","0","0","3","LP: 2017-09","","","","","44666306","6.76655","7.33945","2.5667","585","6027","thing","Caverna: Cave vs Cave","1","2","40","40","20","2017","1,2","2","8+","Some necessary text - easily memorized or small crib sheet","","","","","","standalone","","","","","","2017-08-18","Jamie","","Present for Passing the Qualifying Exam","","","","","",""
"Celestia","175117","6.5","6","0","1","0","0","0","0","0","0","0","3","","","","","","41322842","6.7434","7.0495","1.3481","607","7597","thing","Celestia","2","6","30","30","30","2015","3,4,5,6","5,6","6+","No necessary in-game text","","","","","","standalone","","","","","","","","","From: Cindy
Christmas 2016","","","","","",""
"Century: Golem Edition","232832","7","1","0","1","0","0","0","0","0","0","0","1","","","","","","50345183","7.04766","7.79976","1.625","304","4750","thing","Century: Golem Edition","2","5","45","45","30","2017","2,3,4,5","3","8+","No necessary in-game text","","","","","","standalone","","28.99","USD","","","2018-04-14","Coolstuffinc.com","","","","","","","",""
"Chess","171","4","","0","1","0","0","0","0","0","0","0","3","NP: 2016-01","","","","","39899845","6.92028","7.09229","3.7353","423","31558","thing","Chess","2","2","60","60","60","1475","2","2","6+","No necessary in-game text","","","","","","standalone","","","","","","","","","","","","","","",""
"Citadels","478","7","2","0","1","0","0","0","0","0","0","0","1","LP: 2017-06","","","","","31739228","7.01235","7.10906","2.0579","341","56124","thing","Citadels","2","8","60","60","20","2000","2,3,4,5,6,7","5","10+","Moderate in-game text - needs crib sheet or paste ups","","","","","","standalone","","","","","","","","","From: Keeley & Trevor","","","","","",""
"Codenames","178900","6","33","0","1","0","0","0","0","0","0","0","2","LP: 2017-01","","","","","31735747","7.65189","7.74194","1.3189","54","73427","thing","Codenames","2","8","15","15","15","2015","4,5,6,7,8","6,8","10+","Unplayable in another language","","","","","","standalone","","","","","","2016-05-05","","","From: The McKinnons
To: Jamie
Birthday 2016","","","","","",""
"Colt Express","158899","8","8","0","1","0","0","0","0","0","0","0","1","LP: 2017-09","","","","","40341769","7.03568","7.17364","1.8141","317","24740","thing","Colt Express","2","6","40","40","30","2014","3,4,5,6","5,6","8+","No necessary in-game text","","","","","","standalone","","29.99","USD","","","2017-02-06","Coolstuffinc.com","","","","","","","",""
"Concordia","124361","9","4","0","1","0","0","0","0","0","0","0","4","","","","","","39904565","7.90811","8.08684","3.0922","20","20601","thing","Concordia","2","5","100","100","100","2013","2,3,4,5","4","12+","Moderate in-game text - needs crib sheet or paste ups","","","","","","standalone","","49.99","USD","","","2017-08-08","CoolStuffInc","","","","","","","",""
"Cranium","891","3","1","0","1","0","0","0","0","0","0","0","1","LP: 2016-07","","","","","32356019","5.58827","5.68856","1.4377","6678","13166","thing","Cranium","4","16","60","60","60","1998","4,6,7,8,9,10,11,12,14,16","8","10+","Unplayable in another language","","","","","","standalone","","","","","","","","","","","","","","",""
"Cranium Brain Breaks","103402","3","","0","1","0","0","0","0","0","0","0","1","NP: 2016-01","","","","","32356022","5.4415","4.27321","1","15792","251","thing","Cranium Brain Breaks","2","6","1","1","1","2010","3,4","","4–10","Unplayable in another language","","","","","","standalone","","","","","","","","","From: Keeley (moving)","","","","","",""
"Dark Seas","170146","6.5","2","0","1","0","0","0","0","0","0","0","1","LP: 2017-04","","","","","32355965","5.68322","6.22066","1.9167","4407","1009","thing","Dark Seas","2","4","45","45","45","2015","2,3","","8–16","Some necessary text - easily memorized or small crib sheet","","","","","","standalone","","","","","","","","","From: Jamie
To: Darren
Birthday 2015?","","","","","",""
"Dead of Winter: A Crossroads Game","150376","6","10","0","1","0","0","0","0","0","0","0","1","LP: 2016-04","","","","","31735730","7.56656","7.71001","3.0016","72","42169","thing","Dead of Winter: A Crossroads Game","2","5","120","120","60","2014","3,4,5","4","12+","Extensive use of text - massive conversion needed to be playable","","","","","","standalone","","","","","","2015-12-25","Amazon","","Christmas 2015","","","","","",""
"Diamant","15512","6","21","0","1","0","0","0","0","0","0","0","1","LP: 2017-09","","","","","39899899","6.71564","6.83021","1.112","642","17286","thing","Diamant","3","8","30","30","30","2005","4,5,6,7,8","6,7,8","6+","No necessary in-game text","","","","","","standalone","","17.99","USD","","","2017-01-23","Coolstuffinc.com","","","","","","","",""
"Dice City","179572","8","5","0","1","0","0","0","0","0","0","0","3","","","","","","44225399","6.50093","6.8597","2.0449","897","6116","thing","Dice City","1","4","60","60","45","2015","1,2,3","2,3","8+","Some necessary text - easily memorized or small crib sheet","","","","","","standalone","","28.99","USD","","","2017-08-08","CoolStuffInc","","","","","","","",""
"Diplomacy","483","0","","0","1","0","0","0","0","0","0","0","1","NP: 2016-01

J - hasn't played
D - hasn't played","","","","","32356060","6.81873","7.05343","3.3565","527","17827","thing","Diplomacy","2","7","360","360","360","1959","6,7","7","14+","No necessary in-game text","","","","","","standalone","","18.99","USD","","","2014-04-05","Amazon","","Tabletop Day Sale!","","","","","",""
"Doctor Who Fluxx","235365","7","7","0","1","0","0","0","0","0","0","0","3","","","","","","51464576","5.67969","6.98759","2","4453","723","thing","Doctor Who Fluxx","2","6","30","30","5","2017","2,3,4,5,6","","","","","","","","","standalone","","14.49","USD","","","2018-05-05","Coolstuffinc.com","","Jamie's Birthday Present","","","","","",""
"Dogs of War","158435","9","4","0","1","0","0","0","0","0","0","0","1","LP: 2017-06","","","","","33589436","6.70008","7.52644","2.6479","655","2844","thing","Dogs of War","3","5","75","75","75","2014","4,5","5","14+","Some necessary text - easily memorized or small crib sheet","","","","","","standalone","","37.53","USD","","","2016-09-19","Amazon","","","","","","","",""
"Dominion Big Box (English)","142131","7","","0","1","0","0","0","0","0","0","0","1","LP: 2017-04

Plays Recorded as Dominion","","","","","39995353","6.38008","7.91589","2.7805","0","2038","thing","Dominion Big Box (English)","2","4","30","30","30","2010","2,3,4","","16+","Some necessary text - easily memorized or small crib sheet","","","","","","standalone","","53.99","USD","","","2014-04-05","Amazon","","Tabletop Day Sale!","","","","","",""
"Escape: The Curse of the Temple – Big Box","157820","8","","0","1","0","0","0","0","0","0","0","1","Plays Recorded as Escape: The Curse of the Temple","","","","","39273950","6.58831","7.65071","1.4524","0","3208","thing","Escape: The Curse of the Temple – Big Box","1","6","10","10","10","2014","1,2,3,4,5,6","4","8+","No necessary in-game text","","","","","","standalone","","35","USD","","","2016-12-25","Amazon","","","","","","","",""
"Ethnos","206718","8.5","10","0","1","0","0","0","0","0","0","0","3","LP: 2017-08","","","","","43214678","7.17456","7.54689","2.011","228","7152","thing","Ethnos","2","6","60","60","45","2017","2,3,4,5,6","4","10+","Some necessary text - easily memorized or small crib sheet","","","","","","standalone","","33.99","USD","","","2017-06-09","Amazon","","","","","","","",""
"Exit: The Game – The Secret Lab","203417","0","","0","1","0","0","0","0","0","0","0","3","","","","","","52332801","6.8193","7.29011","2.6538","525","6603","thing","Exit: The Game – The Secret Lab","1","6","150","150","45","2016","1,2,3,4","2","12+","Unplayable in another language","","","","","","standalone","","10.5","USD","","","2018-06-13","McGuire's","1","","","","","","",""
"Explorers of the North Sea","176371","7.5","5","0","1","0","0","0","0","0","0","0","1","","","","","","51421804","6.36725","7.39257","2.0345","1129","2650","thing","Explorers of the North Sea","1","4","60","60","45","2016","1,2,3,4","4","8+","Some necessary text - easily memorized or small crib sheet","","","","","","standalone","","35","USD","","","2018-05-25","MiniatureMarket","1","","","","","","",""
"Farkle","3181","5","8","0","1","0","0","0","0","0","0","0","1","LP: 2016-12","","","","","40321333","5.45242","5.48839","1.123","15623","3452","thing","Farkle","2","6","30","30","30","1996","2,3,4,5,6","3,4","8+","No necessary in-game text","","","","","","standalone","","","","","","","","","Pre-Marriage Acquisition","","","","","",""
"Five Crowns","1472","5","","0","1","0","0","0","0","0","0","0","1","NP: 2016-01","","","","","32356033","5.69262","5.89835","1.25","4273","3972","thing","Five Crowns","1","7","30","30","30","1996","3,4,5,6,7","4","8+","No necessary in-game text","","","","","","standalone","","7.79","USD","","","2014-12-16","Amazon","","","","","","","",""
"Five Tribes","157354","7.5","7","0","1","0","0","0","0","0","0","0","4","LP: 2017-11","","","","","40165708","7.64689","7.78835","2.889","56","31123","thing","Five Tribes","2","4","80","80","40","2014","2,3,4","2","12+","No necessary in-game text","","","","","","standalone","","50.99","USD","","","2017-02-06","Coolstuffinc.com","","","","","","","",""
"Forbidden Desert","136063","6.5","8","0","1","0","0","0","0","0","0","0","1","LP: 2016-12

J - doesn't like","","","","","31738845","7.08307","7.21923","2.0401","278","33696","thing","Forbidden Desert","2","5","45","45","45","2013","1,2,3,4,5","4","8+","Some necessary text - easily memorized or small crib sheet","","","","","","standalone","","","","","","","","","","","","","","",""
"Forbidden Island","65244","5","3","0","1","0","0","0","0","0","0","0","1","LP: 2017-10

J - doesn't like","","","","","32839032","6.73753","6.82473","1.7394","614","56276","thing","Forbidden Island","2","4","30","30","30","2010","1,2,3,4","4","8+","Some necessary text - easily memorized or small crib sheet","","","","","","standalone","","10.19","USD","","","2014-04-05","Amazon","","Tabletop Day Sale!","","","","","",""
"The Fox in the Forest","221965","6","2","0","1","0","0","0","0","0","0","0","3","","","","","","50345125","6.90281","7.45243","1.5938","442","6782","thing","The Fox in the Forest","2","2","30","30","30","2017","2","2","10+","Moderate in-game text - needs crib sheet or paste ups","","","","","","standalone","","10.99","USD","","","2018-04-14","Coolstuffinc.com","","","","","","","",""
"Fury of Dracula (third/fourth edition)","181279","7","1","0","1","0","0","0","0","0","0","0","1","LP: 2017-06","","","","","39576812","7.26128","7.59173","3.1937","181","14394","thing","Fury of Dracula (third/fourth edition)","2","5","180","180","120","2015","2,3,4,5","3,5","12+","Extensive use of text - massive conversion needed to be playable","","","","","","standalone","","50","USD","","","2016-12-11","","","From: Jamie
To: Darren
Christmas 2016!","","","","","",""
"A Game of Thrones: Hand of the King","205610","6.5","11","0","1","0","0","0","0","0","0","0","1","LP: 2017-04","","","","","39901419","6.286","6.77574","1.1707","1317","3677","thing","A Game of Thrones: Hand of the King","2","4","30","30","15","2016","2,3,4","2","10+","Some necessary text - easily memorized or small crib sheet","","","","","","standalone","","","","","","2016-12-11","","","From: Cindy
Christmas 2016","","","","","",""
"Gloomhaven","174430","9","6","0","1","0","0","0","0","0","0","0","1","","","","","","42222904","8.6185","8.92766","3.7687","1","33891","thing","Gloomhaven","1","4","120","120","60","2017","1,2,3,4","3","14+","Extensive use of text - massive conversion needed to be playable","","","","","","standalone","","129.99","USD","","","2018-03-03","Sci-Fi City Knoxville","","","","","","","",""
"The Good, the Bad, and the Munchkin","30166","4","","0","1","0","0","0","0","0","0","0","1","NP: 2016-01","","","","","32355946","5.80176","6.21788","1.9688","3221","2904","thing","The Good, the Bad, and the Munchkin","3","6","90","90","90","2007","2,3,4,5,6","4,5,6","10+","Extensive use of text - massive conversion needed to be playable","","","","","","standalone","","","","","","2014-08-13","","","From: Jamie
To: Darren
Birthday","","","","","",""
"Guillotine","116","4","2","0","1","0","0","0","0","0","0","0","1","LP: 2016-03","","","","","33233162","6.42574","6.53787","1.2727","1019","24041","thing","Guillotine","2","5","30","30","30","1998","2,3,4,5","4","10+","Moderate in-game text - needs crib sheet or paste ups","","","","","","standalone","","7.99","USD","","","2014-12-14","Amazon","","","","","","","",""
"Hive Pocket","154597","7","5","0","1","0","0","0","0","0","0","0","1","LP: 2017-05","","","","","32196637","7.237","7.67984","2.373","0","11515","thing","Hive Pocket","2","2","20","20","20","2012","2","2","8+","No necessary in-game text","","","","","","standalone","","15.78","USD","","","2014-11-29","Amazon","","","","","Gen42 Games","English","2012","English edition 2012"
"I Hate Zombies","162093","4","3","0","1","0","0","0","0","0","0","0","1","LP: 2016-05","","","","","33424623","5.42381","5.24555","1","15986","1404","thing","I Hate Zombies","2","12","15","15","15","2015","4,6,7,8,9,10,11,12","8,10,12","5+","Some necessary text - easily memorized or small crib sheet","","","","","","standalone","","","","","","","Kickstarter","","","","","","","",""
"I Hate Zombies: We Hate Zombies Too","169871","4","","0","1","0","0","0","0","0","0","0","1","","","","","","33424628","5.5126","5.71899","1","0","506","thing","I Hate Zombies: We Hate Zombies Too","2","18","15","15","15","2015","6,8,10","6,8,10","8+","Some necessary text - easily memorized or small crib sheet","","","","","","expansion","","","","","","","Kickstarter","","","","","","","",""
"Imhotep","191862","7.5","6","0","1","0","0","0","0","0","0","0","3","","","","","","39904699","6.98386","7.24231","2.0132","365","10790","thing","Imhotep","2","4","40","40","40","2016","2,3,4","4","8+","Moderate in-game text - needs crib sheet or paste ups","","","","","","standalone","","27.49","USD","","","2017-02-06","Coolstuffinc.com","","","","","","","",""
"Imperial Settlers","154203","10","46","0","1","0","0","0","0","0","0","0","3","","","","","","33589637","7.32491","7.49386","2.7709","143","22177","thing","Imperial Settlers","1","4","90","90","45","2014","1,2,3,4","2","12+","Moderate in-game text - needs crib sheet or paste ups","","","","","","standalone","","34.49","USD","","","2017-01-23","Coolstuffinc.com","","","","","","","",""
"Imperial Settlers: Atlanteans","177739","9.5","","0","1","0","0","0","0","0","0","0","1","","","","","","44627997","6.49913","7.48869","2.8529","0","6095","thing","Imperial Settlers: Atlanteans","1","5","90","90","45","2015","1,2,3,4","2","10+","Moderate in-game text - needs crib sheet or paste ups","","","","","","expansion","","","","","","2017-08-16","Cindy Carroll","","2017 Birthday","","","","","",""
"Imperial Settlers: Aztecs","202459","9.5","","0","1","0","0","0","0","0","0","0","1","","","","","","44210731","6.07238","7.71453","2.75","0","3221","thing","Imperial Settlers: Aztecs","1","4","90","90","45","2016","2","2","","Moderate in-game text - needs crib sheet or paste ups","","","","","","expansion","","20.49","USD","","","2017-08-02","CoolStuffInc","","","","","","","",""
"Imperial Settlers: Why Can't We Be Friends","169075","10","","0","1","0","0","0","0","0","0","0","1","","","","","","44210728","6.7251","7.6694","2.5962","0","7249","thing","Imperial Settlers: Why Can't We Be Friends","1","4","90","90","45","2014","1,2,3,4","2","10+","Moderate in-game text - needs crib sheet or paste ups","","","","","","expansion","","10.99","USD","","","2017-08-02","CoolStuffInc","","","","","","","",""
"Istanbul","148949","7.5","7","0","1","0","0","0","0","0","0","0","2","LP: 2017-05","","","","","39899765","7.47258","7.62148","2.5862","91","23168","thing","Istanbul","2","5","60","60","40","2014","2,3,4,5","4","10+","No necessary in-game text","","","","","","standalone","","34.49","USD","","","2017-01-23","Coolstuffinc.com","","","","","","","",""
"Jaipur","54043","8.5","3","0","1","0","0","0","0","0","0","0","1","LP: 2017-04","","","","","31874656","7.40566","7.52174","1.5184","112","36253","thing","Jaipur","2","2","30","30","30","2015","2","2","8+","No necessary in-game text","","","","","","standalone","","18.62","USD","","","2014-12-25","Amazon","","From: Darren
To: Jamie
Christmas 2014!","","","GameWorks SàRL","English; French; German; Spanish","2015","English/French/German/Spanish seventh edition"
"Jenga","2452","2","","0","1","0","0","0","0","0","0","0","3","NP: 2016-01","","","","","51358608","5.519","5.56848","1.129","11572","14694","thing","Jenga","1","8","20","20","20","1983","2,3,4,5,6","4","5+","No necessary in-game text","","","","","","standalone","","","","","","","","","","","","","","",""
"Kemet","127023","9","4","0","1","0","0","0","0","0","0","0","2","","","","","","39899761","7.52541","7.75569","2.989","77","14684","thing","Kemet","2","5","120","120","90","2012","3,4,5","4,5","12+","No necessary in-game text","","","","","","standalone","","59.49","USD","","","2017-02-06","Coolstuffinc.com","","","","","","","",""
"King of Tokyo","70323","6.5","15","0","1","0","0","0","0","0","0","0","1","LP: 2017-02","","","","","31738782","7.15977","7.24995","1.5045","236","65658","thing","King of Tokyo","2","6","30","30","30","2011","3,4,5,6","4,5","6+","Moderate in-game text - needs crib sheet or paste ups","","","","","","standalone","","","","","","","","","Pre-marriage Acquisition","","","","","",""
"King of Tokyo: Halloween","147183","6.5","","0","1","0","0","0","0","0","0","0","1","","","","","","32355956","6.81064","7.2456","1.6912","0","12475","thing","King of Tokyo: Halloween","2","6","30","30","30","2013","3,4,5,6","4","8+","Moderate in-game text - needs crib sheet or paste ups","","","","","","expansion","","","","","","","","","Pre-Marriage Acquisition","","","IELLO","English","2013","English first edition"
"King of Tokyo: Power Up!","127067","7","","0","1","0","0","0","0","0","0","0","1","","","","","","32355955","7.37254","7.65639","1.6829","0","23765","thing","King of Tokyo: Power Up!","2","6","30","30","30","2012","3,4,5,6","4,5,6","8+","Moderate in-game text - needs crib sheet or paste ups","","","","","","expansion","","","","","","","","","Pre-Marriage Acquisition","","","","","",""
"Kingdom Builder","107529","7.5","2","0","1","0","0","0","0","0","0","0","1","LP: 2017-04","","","","","32356063","6.86746","6.99473","2.0673","472","20168","thing","Kingdom Builder","2","4","45","45","45","2011","2,3,4","4","8+","Some necessary text - easily memorized or small crib sheet","","","","","","standalone","","","","","","","","","","","","","","",""
"Kingdomino","204583","8.5","13","0","1","0","0","0","0","0","0","0","3","LP: 2017-09","","","","","44210770","7.24257","7.40027","1.2086","188","28124","thing","Kingdomino","2","4","20","20","15","2016","2,3,4","2,4","6+","No necessary in-game text","","","","","","standalone","","12.99","USD","","","2017-08-02","CoolStuffInc","","","","","","","",""
"Liar's Dice","45","0","","0","1","0","0","0","0","0","0","0","3","NP: 2016-12","","","","","50637779","6.76152","6.92097","1.2622","589","13436","thing","Liar's Dice","2","6","30","30","15","1800","3,4,5,6","5,6","8+","No necessary in-game text","","","","","","standalone","","","","","","2016-12-25","Keeley and Trevor","","Christmas present, pnp","","","","","",""
"Love Letter","129622","6","1","0","1","0","0","0","0","0","0","0","1","LP: 2016-11","","","","","31738751","7.18244","7.26578","1.1981","220","75058","thing","Love Letter","2","4","20","20","20","2012","3,4","4","8+","Some necessary text - easily memorized or small crib sheet","","","","","","standalone","","6.99","USD","","","2014-04-05","Amazon","","Tabletop Day Sale!","","","","","",""
"Love Letter: The Hobbit – The Battle of the Five Armies","169611","7","2","0","1","0","0","0","0","0","0","0","1","LP: 2016-03","","","","","33397509","6.34782","7.15325","1.2708","1167","2752","thing","Love Letter: The Hobbit – The Battle of the Five Armies","2","4","30","30","20","2015","3,4","4","8+","Some necessary text - easily memorized or small crib sheet","","","","","","standalone","","","","","","","","","","","","","","",""
"Magic Maze","209778","6.5","2","0","1","0","0","0","0","0","0","0","3","","","","","","50344847","7.00304","7.24813","1.6875","347","13493","thing","Magic Maze","1","8","15","15","15","2017","2,3,4,5,6","4","8+","No necessary in-game text","","","","","","standalone","","20.54","USD","","","2018-04-25","Amazon","","International Tabletop Day 2018","","","","","",""
"Magic: The Gathering","463","6","","0","1","0","0","0","0","0","0","0","1","NP: 2016-01","","","","","31738774","7.31046","7.46291","3.172","150","29499","thing","Magic: The Gathering","2","2","20","20","20","1993","2","2","12+","Unplayable in another language","","","","","","standalone","","","","","","","","","Pre-Marriage Acquisition","","","","","",""
"Massive Darkness","197070","6","11","0","1","0","0","0","0","0","0","0","3","","","","","","45058136","6.69233","7.46018","2.551","660","6828","thing","Massive Darkness","1","6","180","180","90","2017","1,2,3,4","4","10+","Some necessary text - easily memorized or small crib sheet","","","","","","standalone","","110","USD","","","2017-08-29","Kickstarter","","","","","","","",""
"Mechs vs. Minions","209010","7","15","0","1","0","0","0","0","0","0","0","3","LP: 2017-07","","","","","38385616","7.8381","8.16506","2.457","29","15769","thing","Mechs vs. Minions","2","4","90","90","60","2016","2,3,4","4","10+","Moderate in-game text - needs crib sheet or paste ups","","","","","","standalone","","80","USD","","","2016-10-13","Riot Games","","","","","","","",""
"Memory Challenge: Marvel Comics Edition","142149","3","","0","1","0","0","0","0","0","0","0","3","NP: 2016-01","","","","","51358624","0","5.27273","0","0","29","thing","Memory Challenge: Marvel Comics Edition","1","0","90","90","90","2013","","","","","","","","","","standalone","","","","","","","","","","","","","","",""
"Munchkin","1927","4","","0","1","0","0","0","0","0","0","0","1","NP: 2016-01","","","","","32355951","5.75524","5.92354","1.7909","3601","59106","thing","Munchkin","3","6","120","120","60","2001","3,4,5,6","4","12+","Extensive use of text - massive conversion needed to be playable","","","","","","standalone","","","","","","","","","","","","","","",""
"Munchkin Zombies","86955","4","","0","1","0","0","0","0","0","0","0","1","NP: 2016-01","","","","","32355948","5.95339","6.26716","1.95","2334","7266","thing","Munchkin Zombies","3","6","90","90","90","2011","3,4,5,6","4","10+","Moderate in-game text - needs crib sheet or paste ups","","","","","","standalone","","14.99","USD","","","2014-04-05","Amazon","","Tabletop Sale!","","","","","",""
"Mystic Vale","194607","8.5","25","0","1","0","0","0","0","0","0","0","2","","","","","","39899882","6.96328","7.29967","2.2976","378","9014","thing","Mystic Vale","2","4","45","45","45","2016","2,3,4","2","10+","Moderate in-game text - needs crib sheet or paste ups","","","","","","standalone","","24.95","USD","","","2018-02-01","Sci-Fi City Knoxville","","","","","","","",""
"Mystic Vale: Mana Storm","229980","0","","0","1","0","0","0","0","0","0","0","3","","","","","","50284181","5.97159","7.96145","2.5","0","1729","thing","Mystic Vale: Mana Storm","2","4","60","60","45","2017","2,3,4","","12+","Moderate in-game text - needs crib sheet or paste ups","","","","","","expansion","","14.99","USD","","","2018-03-03","Sci-Fi City Knoxville","","","","","","","",""
"Mystic Vale: Vale of Magic","207591","9","","0","1","0","0","0","0","0","0","0","3","","","","","","50284172","6.38904","7.64343","2.2222","0","3160","thing","Mystic Vale: Vale of Magic","2","4","60","60","45","2016","2,3,4","2","12+","Moderate in-game text - needs crib sheet or paste ups","","","","","","expansion","","14.99","USD","","","2018-03-03","Sci-Fi City Knoxville","","","","","","","",""
"Mystic Vale: Vale of the Wild","220502","9","","0","1","0","0","0","0","0","0","0","3","","","","","","50284174","6.27683","8.04653","2.5","0","2458","thing","Mystic Vale: Vale of the Wild","2","4","45","45","45","2017","2,3,4","2","12+","Moderate in-game text - needs crib sheet or paste ups","","","","","","expansion","","14.99","USD","","","2018-03-03","Sci-Fi City Knoxville","","","","","","","",""
"Ninja Dice","136587","6.5","6","0","1","0","0","0","0","0","0","0","3","LP: 2017-04","","","","","39900789","5.70661","6.04796","1.3243","4106","2039","thing","Ninja Dice","2","5","30","30","30","2013","2,3,4,5","3,4","8+","No necessary in-game text","","","","","","standalone","","","","","","","","","","","","","","",""
"Onitama","160477","8","6","0","1","0","0","0","0","0","0","0","3","LP: 2017-09","","","","","44368494","7.24613","7.52418","1.6911","185","14045","thing","Onitama","2","2","20","20","15","2014","2","2","8+","No necessary in-game text","","","","","","standalone","","21.49","USD","","","2017-08-08","CoolStuffInc","","","","","","","",""
"Orléans","164928","8.5","7","0","1","0","0","0","0","0","0","0","2","","","","","","39576727","7.86997","8.08355","3.0942","26","16899","thing","Orléans","2","4","90","90","90","2014","2,3,4","4","12+","No necessary in-game text","","","","","","standalone","","42.99","USD","","","2018-04-14","Coolstuffinc.com","","","","","","","",""
"Photosynthesis","218603","7.5","3","0","1","0","0","0","0","0","0","0","2","","","","","","50344860","7.02882","7.29728","2.3114","322","13724","thing","Photosynthesis","2","4","60","60","30","2017","2,3,4","3","10+","No necessary in-game text","","","","","","standalone","","25.99","USD","","","2018-04-25","Amazon","","International Tabletop Day 2018","","","","","",""
"Pictomania","98229","6.5","6","0","1","0","0","0","0","0","0","0","3","LP: 2017-03","","","","","39899884","6.73425","7.3395","1.5052","616","3672","thing","Pictomania","3","6","25","25","25","2011","3,4,5,6","6","8+","Unplayable in another language","","","","","","standalone","","","","","","","","","","","","","","",""
"Quiddler","339","5","2","0","1","0","0","0","0","0","0","0","1","LP: 2017-12","","","","","32356030","5.83828","6.04129","1.4524","2965","5610","thing","Quiddler","1","8","30","30","30","1998","2,3,4,5,6","","8+","Extensive use of text - massive conversion needed to be playable","","","","","","standalone","","","","","","","","","","","","","","",""
"Race for the Galaxy","28143","8","1","0","1","0","0","0","0","0","0","0","2","","","","","","43381420","7.66869","7.76282","2.9765","48","47189","thing","Race for the Galaxy","2","4","60","60","30","2007","2,3,4","2","12+","Some necessary text - easily memorized or small crib sheet","","","","","","standalone","","34.95","USD","","","2018-02-01","Sci-Fi City Knoxville","","","","","","","",""
"Raiders of the North Sea","170042","9","4","0","1","0","0","0","0","0","0","0","3","","","","","","50344322","7.43794","7.8184","2.5773","103","10293","thing","Raiders of the North Sea","2","4","120","120","60","2015","2,3,4","3","12+","Moderate in-game text - needs crib sheet or paste ups","","","","","","standalone","","35.99","USD","","","2018-04-14","Coolstuffinc.com","","","","","","","",""
"Risk: Plants vs. Zombies","148036","0","","0","1","0","0","0","0","0","0","0","3","NP: 2016-01","","","","","51358604","5.59649","6.11201","1.6667","6386","789","thing","Risk: Plants vs. Zombies","2","2","0","0","0","2013","2","2","8+","Moderate in-game text - needs crib sheet or paste ups","","","","","","standalone","","","","","","","","","","","","","","",""
"Robinson Crusoe: Adventures on the Cursed Island","121921","8","29","0","1","0","0","0","0","0","0","0","1","LP: 2017-05","","","","","33168570","7.76166","7.92876","3.7461","40","38195","thing","Robinson Crusoe: Adventures on the Cursed Island","1","4","120","120","60","2012","1,2,3,4","","12+","Extensive use of text - massive conversion needed to be playable","","","","","","standalone","","","","","","","BoardGameBliss.com","","","","","","","",""
"Robinson Crusoe: Adventures on the Cursed Island – Voyage of the Beagle (Vol. 1)","144722","0","","0","1","0","0","0","0","0","0","0","1","","","","","","33168573","6.91295","8.2843","3.7375","0","8104","thing","Robinson Crusoe: Adventures on the Cursed Island – Voyage of the Beagle (Vol. 1)","1","4","120","120","60","2013","1,2,3,4","2","10+","Extensive use of text - massive conversion needed to be playable","","","","","","expansion","","","","","","","BoardGameBliss.com","","","","","","","",""
"Roll for the Galaxy","132531","10","24","0","1","0","0","0","0","0","0","0","1","LP: 2017-04","","","","","31735749","7.60111","7.74947","2.7564","63","25368","thing","Roll for the Galaxy","2","5","45","45","45","2014","2,3,4,5","3,4","12+","Moderate in-game text - needs crib sheet or paste ups","","","","","","standalone","","","","","","","Raven's Nest","","","","","","","",""
"Rook","1260","4","","0","1","0","0","0","0","0","0","0","1","NP: 2016-01","","","","","39847839","6.03231","6.39007","1.8523","2037","6196","thing","Rook","2","6","45","45","45","1906","2,3,4,5,6","4","10+","No necessary in-game text","","","","","","standalone","","","","","","","","","Pre-Marriage Acquisition","","","","","",""
"Rummikub","811","5.5","8","0","1","0","0","0","0","0","0","0","1","LP: 2017-07

J - loves","","","","","39577471","6.18314","6.32568","1.7737","1562","18276","thing","Rummikub","2","4","60","60","60","1977","2,3,4","4","8+","No necessary in-game text","","","","","","standalone","","","","","","2016-12-04","","","From: David & Lisa","","","","","",""
"Scythe","169786","10","25","0","1","0","0","0","0","0","0","0","2","","","","","","39576690","8.11085","8.28365","3.3668","7","44828","thing","Scythe","1","5","115","115","90","2016","1,2,3,4,5","4","12+","Moderate in-game text - needs crib sheet or paste ups","","","","","","standalone","","56.99","USD","","","2017-08-02","CoolStuffInc","1","","","","","","",""
"Scythe: Invaders from Afar","199727","10","","0","1","0","0","0","0","0","0","0","3","","","","","","44368508","7.7481","8.42352","3.3636","0","17327","thing","Scythe: Invaders from Afar","1","7","140","140","90","2016","1,2,3,4,5,6,7","4,5","12+","Some necessary text - easily memorized or small crib sheet","","","","","","expansion","","20.49","USD","","","2017-08-08","CoolStuffInc","","","","","","","",""
"Scythe: The Wind Gambit","223555","0","","0","1","0","0","0","0","0","0","0","3","","","","","","51894457","7.18051","8.20084","3.1429","0","11510","thing","Scythe: The Wind Gambit","1","7","140","140","70","2017","1,2,3,4,5,6,7","4,5","12+","Some necessary text - easily memorized or small crib sheet","","","","","","expansion","","17.25","USD","","","2018-05-25","MiniatureMarket","1","","","","","","",""
"Secret Hitler","188834","5.5","24","0","1","0","0","0","0","0","0","0","3","LP: 2017-07","","","","","39899850","7.25344","7.58518","1.6951","182","13139","thing","Secret Hitler","5","10","45","45","45","2016","6,7,8,9,10","8,10","14+","Some necessary text - easily memorized or small crib sheet","","","","","","standalone","","","","","","","","","","","","","","",""
"Shadows over Camelot","15062","7","1","0","1","0","0","0","0","0","0","0","1","LP: 2016-01","","","","","31739237","7.01471","7.13946","2.5641","337","28168","thing","Shadows over Camelot","3","7","90","90","60","2005","4,5,6,7","5,6,7","10+","Moderate in-game text - needs crib sheet or paste ups","","","","","","standalone","","","","","","","","","Pre-Marriage Acquisition","","","","","",""
"Sheriff of Nottingham","157969","5","3","0","1","0","0","0","0","0","0","0","2","LP: 2016-12","","","","","31738778","7.10599","7.23557","1.6626","260","34236","thing","Sheriff of Nottingham","3","5","60","60","60","2014","3,4,5","5","8+","Some necessary text - easily memorized or small crib sheet","","","","","","standalone","","","","","","2014-12-25","","","From: David and Joy
Christmas 2014!","","","","","",""
"The Sherlock Holmes Puzzle Case","173899","0","","0","1","0","0","0","0","0","0","0","3","Plays Not Recorded","","","","","51359816","5.4647","4.61628","1","15314","201","thing","The Sherlock Holmes Puzzle Case","1","6","0","0","0","2014","","","","Unplayable in another language","","","","","","standalone","","","","","","","Barnes and Noble","","","","","","","",""
"Small World","40692","6.5","1","0","1","0","0","0","0","0","0","0","1","LP: 2016-09","","","","","31738750","7.22658","7.31104","2.3651","194","66889","thing","Small World","2","5","80","80","40","2009","2,3,4,5","4","8+","No necessary in-game text","","","","","","standalone","","","","","","","","","Pre-Marriage Acquisition","","","","","",""
"Small World Underground","97786","6.5","","0","1","0","0","0","0","0","0","0","1","NP: 2016-01","","","","","31738855","7.04759","7.31288","2.5867","305","13519","thing","Small World Underground","2","5","90","90","30","2011","2,3,4,5","4","8+","Moderate in-game text - needs crib sheet or paste ups","","","","","","standalone","","","","","","","","","Pre-Marriage Acquisition","","","","","",""
"Small World: Cursed!","57072","6","","0","1","0","0","0","0","0","0","0","1","NP: 2016-1","","","","","40321351","7.13056","7.51683","2.2383","0","15571","thing","Small World: Cursed!","2","5","80","80","40","2009","2,3,4,5","4","10+","Some necessary text - easily memorized or small crib sheet","","","","","","expansion","","","","","","","","","Pre-Marriage Acquisition","","","","","",""
"Small World: Realms","122316","6.5","","0","1","0","0","0","0","0","0","0","1","NP: 2016-1","","","","","32196625","6.53207","7.33968","2.4384","0","6729","thing","Small World: Realms","2","6","80","80","40","2012","2,3,4,5,6","4,5","8+","No necessary in-game text","","","","","","expansion","","","","","","","","","Pre-Marriage Acquisition","","","","","",""
"Small World: Tales and Legends","71818","0","","0","1","0","0","0","0","0","0","0","1","NP: 2016-1

J - hasn't played
D - hasn't played","","","","","40321345","6.72601","7.25129","2.1645","0","10810","thing","Small World: Tales and Legends","2","5","80","80","40","2010","2,3,4,5","4,5","10+","Extensive use of text - massive conversion needed to be playable","","","","","","expansion","","","","","","","","","Pre-Marriage Acquisition","","","","","",""
"Smash Up","122522","7","15","0","1","0","0","0","0","0","0","0","1","","","","","","32355858","6.67628","6.82254","2.056","669","32405","thing","Smash Up","2","4","45","45","45","2012","2,3,4","3","10+","Extensive use of text - massive conversion needed to be playable","","","","","","standalone","","16.99","USD","","","2014-04-05","Amazon","","Tabletop Day Sale!","","","","","",""
"Smash Up: Cease and Desist","198487","7","","0","1","0","0","0","0","0","0","0","3","Plays recorded as Smash Up (base game)","","","","","49328362","6.31608","7.55813","3","1239","3651","thing","Smash Up: Cease and Desist","2","2","45","45","0","2016","2","","","Extensive use of text - massive conversion needed to be playable","","","","","","standalone","","14.99","USD","","","2018-02-01","Sci-Fi City Knoxville","","","","","","","",""
"Smash Up: Monster Smash","160018","7","","0","1","0","0","0","0","0","0","0","3","Plays recorded as Smash Up (base game)","","","","","49328372","6.732","7.3816","2.2821","619","8272","thing","Smash Up: Monster Smash","2","2","45","45","30","2014","2","","10+","Extensive use of text - massive conversion needed to be playable","","","","","","standalone","","14.99","USD","","","2018-02-01","Sci-Fi City Knoxville","","","","","","","",""
"Smash Up: Pretty Pretty Smash Up","168917","7","","0","1","0","0","0","0","0","0","0","1","Plays recorded as Smash Up (base game)","","","","","32355874","6.74196","7.3601","2.1538","609","9135","thing","Smash Up: Pretty Pretty Smash Up","2","2","45","45","45","2015","2","","10+","Moderate in-game text - needs crib sheet or paste ups","","","","","","standalone","","","","","","","","","","","","","","",""
"Smash Up: Sheep","220188","7","","0","1","0","0","0","0","0","0","0","1","","","","","","50284097","5.83408","7.4012","2","0","1912","thing","Smash Up: Sheep","0","0","0","0","0","2017","","","10+","Extensive use of text - massive conversion needed to be playable","","","","","","expansion","","","","","","2018-01-01","AEG","","","","","","","",""
"Splendor","148228","7","21","0","1","0","0","0","0","0","0","0","1","LP: 2017-04","","","","","31735818","7.37823","7.48502","1.8194","121","56872","thing","Splendor","2","4","30","30","30","2014","2,3,4","3","8+","No necessary in-game text","","","","","","standalone","","","","","","","Raven's Nest","","Easter?","","","","","",""
"Splendor: Nobles Promo Tiles","178742","0","","0","1","0","0","0","0","0","0","0","1","","","","","","39365499","5.956","7.32561","1.8182","0","1708","thing","Splendor: Nobles Promo Tiles","2","4","30","0","30","2015","2,3,4","","8+","No necessary in-game text","","","","","","expansion","","","","","","","","","Won at Andocon 2015","","","","","",""
"Star Wars Episode I: Customizable Card Game","1256","4","","0","1","0","0","0","0","0","0","0","3","NP: 2016-01","","","","","40321558","5.42032","4.73524","1.3571","16009","319","thing","Star Wars Episode I: Customizable Card Game","2","4","45","45","45","1999","2,4","","6+","Moderate in-game text - needs crib sheet or paste ups","","","","","","standalone","","","","","","","","","Pre-Marriage Acquisition","","","","","",""
"Star Wars: Armada","163745","9","21","0","1","0","0","0","0","0","0","0","1","LP: 2017-12","","","","","45648977","7.22402","7.92239","3.1297","196","7536","thing","Star Wars: Armada","2","2","120","120","120","2015","2","2","10+","Extensive use of text - massive conversion needed to be playable","","","","","","standalone","","68.85","USD","","","2017-10-05","The Raven's Nest","","","","","","","",""
"Star Wars: Armada – Assault Frigate Mark II Expansion Pack","169017","0","","0","1","0","0","0","0","0","0","0","1","","","","","","45840317","5.8181","7.80394","2.8333","0","1701","thing","Star Wars: Armada – Assault Frigate Mark II Expansion Pack","2","2","120","120","120","2015","2","2","12+","Moderate in-game text - needs crib sheet or paste ups","","","","","","expansion","","31.76","USD","","","2017-10-05","The Raven's Nest","","","","","","","",""
"Star Wars: Armada – CR90 Corellian Corvette Expansion Pack","168928","0","","0","1","0","0","0","0","0","0","0","1","","","","","","45840322","5.78762","7.80272","2.6667","0","1475","thing","Star Wars: Armada – CR90 Corellian Corvette Expansion Pack","2","2","120","120","120","2015","2","2","12+","Moderate in-game text - needs crib sheet or paste ups","","","","","","expansion","","15.88","USD","","","2017-10-05","The Raven's Nest","","","","","","","",""
"Star Wars: Armada – Gladiator-class Star Destroyer Expansion Pack","169018","0","","0","1","0","0","0","0","0","0","0","1","","","","","","45953625","5.86971","7.90422","2.6","0","1727","thing","Star Wars: Armada – Gladiator-class Star Destroyer Expansion Pack","0","0","120","120","120","2015","","","12+","Moderate in-game text - needs crib sheet or paste ups","","","","","","expansion","","25.49","USD","","","2017-10-11","CoolStuffInc","","","","","","","",""
"Star Wars: Armada – Home One Expansion Pack","175284","0","","0","1","0","0","0","0","0","0","0","1","","","","","","45953620","5.79001","8.01429","2.5","0","1434","thing","Star Wars: Armada – Home One Expansion Pack","2","2","0","0","0","2015","2","2","10+","Some necessary text - easily memorized or small crib sheet","","","","","","expansion","","30.99","USD","","","2017-10-11","Amazon","","","","","","","",""
"Star Wars: Armada – Imperial Class Star Destroyer Expansion Pack","175283","0","","0","1","0","0","0","0","0","0","0","1","","","","","","45953609","5.86589","8.27895","2.5","0","1485","thing","Star Wars: Armada – Imperial Class Star Destroyer Expansion Pack","2","2","0","0","0","2015","2","2","10+","Some necessary text - easily memorized or small crib sheet","","","","","","expansion","","","","","","","","","","","","","","",""
"Star Wars: Armada – Imperial Fighter Squadrons Expansion Pack","169020","0","","0","1","0","0","0","0","0","0","0","1","","","","","","45953631","5.86749","7.91518","2.6667","0","1793","thing","Star Wars: Armada – Imperial Fighter Squadrons Expansion Pack","2","2","120","120","120","2015","2","2","12+","Moderate in-game text - needs crib sheet or paste ups","","","","","","expansion","","","","","","","","","","","","","","",""
"Star Wars: Armada – Imperial Raider Expansion Pack","175286","0","","0","1","0","0","0","0","0","0","0","1","","","","","","45953638","5.73052","7.67405","2","0","1263","thing","Star Wars: Armada – Imperial Raider Expansion Pack","2","2","0","0","0","2015","2","2","10+","Some necessary text - easily memorized or small crib sheet","","","","","","expansion","","","","","","","","","","","","","","",""
"Star Wars: Armada – MC30c Frigate Expansion Pack","175287","0","","0","1","0","0","0","0","0","0","0","1","","","","","","45953634","5.74548","7.91769","2.3333","0","1241","thing","Star Wars: Armada – MC30c Frigate Expansion Pack","2","2","0","0","0","2015","2","2","10+","Some necessary text - easily memorized or small crib sheet","","","","","","expansion","","","","","","","","","","","","","","",""
"Star Wars: Armada – Nebulon-B Frigate Expansion Pack","168929","0","","0","1","0","0","0","0","0","0","0","1","","","","","","45840323","5.75999","7.63389","2.6667","0","1401","thing","Star Wars: Armada – Nebulon-B Frigate Expansion Pack","2","2","120","120","120","2015","2","2","12+","Moderate in-game text - needs crib sheet or paste ups","","","","","","expansion","","15.88","USD","","","2017-10-05","The Raven's Nest","","","","","","","",""
"Star Wars: Armada – Rebel Fighter Squadrons Expansion Pack","169019","0","","0","1","0","0","0","0","0","0","0","1","","","","","","45840320","5.88553","7.98009","2.6667","0","1831","thing","Star Wars: Armada – Rebel Fighter Squadrons Expansion Pack","2","2","120","120","120","2015","2","2","12+","Moderate in-game text - needs crib sheet or paste ups","","","","","","expansion","","15.88","USD","","","2017-10-05","The Raven's Nest","","","","","","","",""
"Star Wars: Armada – Rogues and Villains Expansion Pack","175285","0","","0","1","0","0","0","0","0","0","0","1","","","","","","45953617","5.84888","8.01731","3","0","1627","thing","Star Wars: Armada – Rogues and Villains Expansion Pack","2","2","0","0","0","2015","2","2","10+","Some necessary text - easily memorized or small crib sheet","","","","","","expansion","","14.74","USD","","","2017-10-11","Amazon","","","","","","","",""
"Star Wars: Armada – Victory-class Star Destroyer Expansion Pack","168927","0","","0","1","0","0","0","0","0","0","0","1","","","","","","45953629","5.77845","7.82655","2.75","0","1402","thing","Star Wars: Armada – Victory-class Star Destroyer Expansion Pack","2","2","120","120","120","2015","2","2","12+","Moderate in-game text - needs crib sheet or paste ups","","","","","","expansion","","","","","","","","","","","","","","",""
"A Study in Emerald (second edition)","178054","8.5","7","0","1","0","0","0","0","0","0","0","1","LP: 2017-05","","","","","33540920","6.41026","7.00096","2.9406","1048","3594","thing","A Study in Emerald (second edition)","2","5","60","60","60","2015","3,4,5","4,5","12+","Moderate in-game text - needs crib sheet or paste ups","","","","","","standalone","","","","","","","Raven's Nest","","","","","","","",""
"Tak","197405","7.5","12","0","1","0","0","0","0","0","0","0","3","","","","","","51464648","6.60385","7.84669","2.5455","767","2509","thing","Tak","2","2","60","60","20","2017","2","2","8+","No necessary in-game text","","","","","","standalone","","39.49","USD","","","2018-05-05","Coolstuffinc.com","","Jamie's Birthday Present","","","","","",""
"Terraforming Mars","167791","8.5","14","0","1","0","0","0","0","0","0","0","2","","","","","","39904555","8.22253","8.39094","3.236","4","41242","thing","Terraforming Mars","1","5","120","120","120","2016","1,2,3,4","3","12+","Moderate in-game text - needs crib sheet or paste ups","","","","","","standalone","","34.99","USD","","","2018-04-25","Amazon","","International Tabletop Day 2018","","","","","",""
"Terraforming Mars: Hellas & Elysium","218127","0","","0","1","0","0","0","0","0","0","0","3","","","","","","51894450","7.51362","8.36794","3.075","0","11751","thing","Terraforming Mars: Hellas & Elysium","1","5","120","120","90","2017","1,2,3,4,5","3,4","12+","No necessary in-game text","","","","","","expansion","","13.99","USD","","","2018-05-25","MiniatureMarket","1","","","","","","",""
"Tetris Link","93185","5","2","0","1","0","0","0","0","0","0","0","3","LP: 2017-02","","","","","40262931","5.60966","5.96103","1.3125","5944","1006","thing","Tetris Link","2","4","15","15","15","2011","3,4","4","6+","No necessary in-game text","","","","","","standalone","","","","","","2017-02-02","","","From: David and Lisa
Christmas 2016!","","","","","",""
"Thief's Market","182351","5.5","1","0","1","0","0","0","0","0","0","0","1","LP: 2017-04","","","","","40005378","6.04958","6.59217","1.8621","1968","3400","thing","Thief's Market","3","5","50","50","30","2016","3,4,5","4","8+","No necessary in-game text","","","","","","standalone","","13.99","USD","","","2017-01-23","Coolstuffinc.com","","","","","","","",""
"Ticket to Ride","9209","6.5","4","0","1","0","0","0","0","0","0","0","1","","","","","","31735829","7.3538","7.45379","1.8661","134","74849","thing","Ticket to Ride","2","5","60","60","30","2004","2,3,4,5","4","8+","No necessary in-game text","","","","","","standalone","","29.99","USD","","","2014-04-05","Amazon","","Tabletop Day Sale!","","","","","",""
"Ticket to Ride Map Collection: Volume 2 – India & Switzerland","106645","6","","0","1","0","0","0","0","0","0","0","1","","","","","","32355944","7.28562","7.81707","2.0123","0","10327","thing","Ticket to Ride Map Collection: Volume 2 – India & Switzerland","2","4","60","60","30","2011","2,3,4","3","8+","No necessary in-game text","","","","","","expansion","","15.99","USD","","","2014-12-16","Amazon","","","","","","","",""
"Tiny Epic Galaxies","163967","8","17","0","1","0","0","0","0","0","0","0","1","LP: 2017-12","","","","","39273943","7.17133","7.40971","2.1571","232","18874","thing","Tiny Epic Galaxies","1","5","60","60","30","2015","1,2,3,4","3","10+","Moderate in-game text - needs crib sheet or paste ups","","","","","","standalone","","","","","","2016-12-11","","","From: Cindy
Christmas 2016","","","","","",""
"Tiny Epic Galaxies: Beyond the Black","200544","8","","0","1","0","0","0","0","0","0","0","3","","","","","","52332815","6.60452","7.87799","2.7273","0","6746","thing","Tiny Epic Galaxies: Beyond the Black","1","5","60","60","30","2017","1,2,3,4","3","12+","Moderate in-game text - needs crib sheet or paste ups","","","","","","expansion","","17.5","USD","","","2018-06-13","McGuire's","1","","","","","","",""
"Tiny Epic Western","180852","6","6","0","1","0","0","0","0","0","0","0","3","LP: 2017-05","","","","","37284686","6.33583","6.75347","2.8471","1188","8794","thing","Tiny Epic Western","1","4","45","45","30","2016","1,3,4","4","14+","Moderate in-game text - needs crib sheet or paste ups","","","","","","standalone","","","","","","","Kickstarter","","","","","","","",""
"Trivial Pursuit: Doctor Who","151947","0","","0","1","0","0","0","0","0","0","0","3","Plays Not Recorded","","","","","51359806","5.51382","5.75893","0","12097","340","thing","Trivial Pursuit: Doctor Who","2","6","0","0","0","2013","","","","","","","","","","standalone","","","","","","","","","","","","","","",""
"Trivial Pursuit: World of Harry Potter","179280","0","","0","1","0","0","0","0","0","0","0","3","Plays Not Recorded","","","","","51359807","5.56517","6.05301","1","7761","666","thing","Trivial Pursuit: World of Harry Potter","2","6","0","0","0","2014","3,4,5,6","4,5,6","10+","","","","","","","standalone","","","","","","","","","","","","","","",""
"Unlock! The Adventurers of Oz","245354","0","1","0","1","0","0","0","0","0","0","0","3","","","","","","52996048","6.05666","7.72026","3","1939","966","thing","Unlock! The Adventurers of Oz","1","6","60","60","60","2018","1,2,3,4","4","12+","Extensive use of text - massive conversion needed to be playable","","","","","","standalone","","14.99","USD","","","2018-07-06","Labyrinth Games","1","","","","","","",""
"Unlock! The Formula","216091","8","1","0","1","0","0","0","0","0","0","0","3","","","","","","44245773","6.46216","7.16329","2.3158","964","2909","thing","Unlock! The Formula","1","6","75","75","45","2017","2,3,4","2,3","12+","Extensive use of text - massive conversion needed to be playable","","","","","","standalone","","16","USD","","","2017-07-16","","1","","","","","","",""
"Unlock! The House on the Hill","230303","0","","0","1","0","0","0","0","0","0","0","3","","","","","","52332791","6.25273","7.1667","1.8182","1394","2263","thing","Unlock! The House on the Hill","1","6","60","60","60","2017","1,2,3,4","2,3","12+","Extensive use of text - massive conversion needed to be playable","","","","","","standalone","","10.5","USD","","","2018-06-13","McGuire's","1","","","","","","",""
"Unlock! The Nautilus' Traps","230304","0","","0","1","0","0","0","0","0","0","0","3","","","","","","52332786","5.70309","5.95321","2.8824","4149","2147","thing","Unlock! The Nautilus' Traps","1","6","60","60","60","2017","2,3,4","3","12+","Extensive use of text - massive conversion needed to be playable","","","","","","standalone","","10.5","USD","","","2018-06-13","McGuire's","1","","","","","","",""
"Unlock! The Tonipal's Treasure","230305","0","","0","1","0","0","0","0","0","0","0","3","","","","","","52332794","6.19275","7.21846","2.5556","1534","2276","thing","Unlock! The Tonipal's Treasure","1","6","60","60","60","2017","1,2,3","2,3","12+","Extensive use of text - massive conversion needed to be playable","","","","","","standalone","","10.5","USD","","","2018-06-13","McGuire's","1","","","","","","",""
"UNO","2223","2","","0","1","0","0","0","0","0","0","0","1","NP: 2016-01","","","","","39847846","5.28185","5.3544","1.1275","16315","26971","thing","UNO","2","10","30","30","30","1971","2,3,4,5,6,7,8","4,5,6","5+","No necessary in-game text","","","","","","standalone","","","","","","","","","Pre-Marriage Acquisition","","","","","",""
"Viticulture Essential Edition","183394","8.5","9","0","1","0","0","0","0","0","0","0","2","","","","","","39899750","7.91734","8.14847","2.9203","19","19954","thing","Viticulture Essential Edition","1","6","90","90","45","2015","1,2,3,4,5,6","3,4","12+","Moderate in-game text - needs crib sheet or paste ups","","","","","","standalone","","42.99","USD","","","2018-05-04","Coolstuffinc.com","","","","","","","",""
"Viticulture: Moor Visitors Expansion","193823","0","","0","1","0","0","0","0","0","0","0","3","","","","","","51894488","6.65309","8.04504","2.8","0","4989","thing","Viticulture: Moor Visitors Expansion","1","6","90","90","45","2016","1,2,3,4,5,6","3,4","10+","Moderate in-game text - needs crib sheet or paste ups","","","","","","expansion","","10.35","USD","","","2018-05-25","MiniatureMarket","1","","","","","","",""
"Who Would Win","44614","2","3","0","1","0","0","0","0","0","0","0","3","LP: 2016-08","","","","","41323162","5.6236","6.20085","1.2174","5571","475","thing","Who Would Win","3","99","15","15","15","2009","3,5,6,7,8,9,10,11","","12+","Some necessary text - easily memorized or small crib sheet","","","","","","standalone","","","","","","","","","","","","","","",""
"Why First?","171672","7","4","0","1","0","0","0","0","0","0","0","3","","","","","","50284151","5.75494","6.1283","1.1379","3603","1262","thing","Why First?","2","6","25","25","15","2015","3,4,5,6","4","8+","No necessary in-game text","","","","","","standalone","","9.99","USD","","","2018-03-03","Sci-Fi City Knoxville","","","","","","","",""
"Wonderland","246938","0","","0","1","0","0","0","0","0","0","0","3","","","","","","52996013","5.59221","6.4102","2","6542","536","thing","Wonderland","2","2","30","30","15","2018","2","2","10","","","","","","","standalone","","12","USD","","","2018-07-06","Labyrinth Games","","","","","","","",""
"Zombie Dice","62871","4","5","0","1","0","0","0","0","0","0","0","1","LP: 2016-08","","","","","33424561","6.10768","6.22613","1.1049","1770","26050","thing","Zombie Dice","2","99","20","20","10","2010","2,3,4,5,6,7,8","4","6+","No necessary in-game text","","","","","","standalone","","7.99","USD","","","2014-04-05","Amazon","","Tabletop Day Sale!","","","","","",""
